seed,player,best_fast_value,avg_abs_margin_top5,use_producer_2p_gate,tensor_my_fast_count,tensor_enemy_fast_count,tensor_contest_count,tensor_min_abs_margin,tensor_avg_abs_margin_top5,tensor_best_fast_value,tensor_best_enemy_fast_value
135,0,39.6362943649292,12.772040380770866,False,1.0,1.0,0.0,9.631857409431177e-07,12.772040380770866,39.6362943649292,39.6362943649292
135,1,73.7725887298584,23.749531478574163,False,2.0,2.0,0.0,3.528606953295821e-07,23.749531478574163,73.7725887298584,73.7725887298584
136,0,96.46887588500977,21.998160477316294,True,2.0,2.0,0.0,3.5906252549011697e-07,21.998160477316294,96.46887588500977,96.46887588500977
136,1,97.21887588500977,15.410844341830607,True,3.0,3.0,0.0,1.4355410371535982e-07,15.410844341830607,97.21887588500977,97.21887588500977
