seed,player,best_fast_value,avg_abs_margin_top5,use_producer_2p_gate
135,0,72.7725887298584,23.86025120802041,True
135,1,79.0225887298584,14.328159095878402,True
136,0,19.25,20.68750381402047,False
136,1,44.697224617004395,16.97826716727786,True
137,0,74.2725887298584,8.309490195064194,True
137,1,96.71887588500977,18.05977149125095,False
138,0,97.21887588500977,12.27742867820496,False
138,1,74.7725887298584,17.548302641471047,True
