seed,player,best_fast_value,avg_abs_margin_top5,use_producer_2p_gate,tensor_my_fast_count,tensor_enemy_fast_count,tensor_contest_count,tensor_min_abs_margin,tensor_avg_abs_margin_top5,tensor_best_fast_value,tensor_best_enemy_fast_value
135,0,97.71887588500977,28.265660116081527,False,2.0,2.0,0.0,7.35346148417193e-08,28.265660116081527,97.71887588500977,97.71887588500977
135,1,96.21887588500977,18.725514733295107,False,4.0,4.0,0.0,6.821402536161258e-07,18.725514733295107,96.21887588500977,96.21887588500977
136,0,76.0225887298584,21.66444354857649,True,3.0,2.0,0.0,1.592974570030492e-06,21.66444354857649,76.0225887298584,76.0225887298584
136,1,95.96887588500977,20.327909405188205,False,1.0,2.0,0.0,5.288082149945694e-07,20.327909405188205,95.96887588500977,95.96887588500977
137,0,69.2725887298584,15.755846824010622,True,3.0,2.0,0.0,0.0,15.755846824010622,69.2725887298584,56.947224617004395
137,1,35.8862943649292,26.40247849498227,True,3.0,4.0,1.0,2.4653942887198355e-07,26.40247849498227,35.8862943649292,93.96887588500977
138,0,59.7725887298584,22.840293638743912,True,2.0,2.0,0.0,4.771305270878656e-07,22.840293638743912,59.7725887298584,59.7725887298584
138,1,98.71887588500977,21.702875392129197,False,3.0,4.0,0.0,4.629128689259687e-07,21.702875392129197,98.71887588500977,98.71887588500977
